{
    "Mostowy": {
        "nazwa dzia\u0142u": "Mostowy",
        "pierwszy miesi\u0105c": "202503",
        "ostatni miesiac": "202806",
        "analizowana liczna miesi\u0119cy": 40,
        "przychody zewn\u0119trzne zafakturowane": 3257777.5,
        "przychody zewn\u0119trzne niezafakturowane suma": 261675.0,
        "przychody zewn\u0119trzne suma": 3519452.5,
        "koszty zabezpieczone wewn\u0119trzne dzia\u0142owe": 1407781.0000000002,
        "koszty zabezpieczone wewn\u0119trzne niedzia\u0142owe": 351945.25000000006,
        "koszty zabezpieczone zewn\u0119trzne": 703890.5000000001,
        "koszty zabezpieczone suma": 2463616.75,
        "zabezpieczony zysk i koszty sta\u0142e": 1055835.75,
        "koszty rzeczywiste wewn\u0119trzne dzia\u0142owe wyp\u0142acone": 623537.8187348578,
        "koszty rzeczywiste wewn\u0119trzne dzia\u0142owe estymowane": 5268294.16829799,
        "koszty rzeczywiste wewn\u0119trzne nie dzia\u0142owe": 30062.0,
        "koszty zewn\u0119trzne op\u0142acone": 30000.0,
        "koszty zewn\u0119trzne niezafakturowane": 135400.0,
        "lista projekt\u00f3w": []
    },
    "Hydrotechniczny": {
        "nazwa dzia\u0142u": "Hydrotechniczny",
        "pierwszy miesi\u0105c": "202505",
        "ostatni miesiac": "202907",
        "analizowana liczna miesi\u0119cy": 51,
        "przychody zewn\u0119trzne zafakturowane": 1781304.59,
        "przychody zewn\u0119trzne niezafakturowane suma": 0,
        "przychody zewn\u0119trzne suma": 1781304.59,
        "koszty zabezpieczone wewn\u0119trzne dzia\u0142owe": 712521.836,
        "koszty zabezpieczone wewn\u0119trzne niedzia\u0142owe": 178130.459,
        "koszty zabezpieczone zewn\u0119trzne": 356260.918,
        "koszty zabezpieczone suma": 1246913.213,
        "zabezpieczony zysk i koszty sta\u0142e": 534391.377,
        "koszty rzeczywiste wewn\u0119trzne dzia\u0142owe wyp\u0142acone": 256412.94847992068,
        "koszty rzeczywiste wewn\u0119trzne dzia\u0142owe estymowane": 5295647.143007692,
        "koszty rzeczywiste wewn\u0119trzne nie dzia\u0142owe": 0,
        "koszty zewn\u0119trzne op\u0142acone": 0,
        "koszty zewn\u0119trzne niezafakturowane": 6000.0,
        "lista projekt\u00f3w": []
    },
    "Drogowy": {
        "nazwa dzia\u0142u": "Drogowy",
        "pierwszy miesi\u0105c": "202505",
        "ostatni miesiac": "202806",
        "analizowana liczna miesi\u0119cy": 38,
        "przychody zewn\u0119trzne zafakturowane": 966501.96,
        "przychody zewn\u0119trzne niezafakturowane suma": 37800.0,
        "przychody zewn\u0119trzne suma": 1004301.96,
        "koszty zabezpieczone wewn\u0119trzne dzia\u0142owe": 401720.784,
        "koszty zabezpieczone wewn\u0119trzne niedzia\u0142owe": 100430.196,
        "koszty zabezpieczone zewn\u0119trzne": 200860.392,
        "koszty zabezpieczone suma": 703011.372,
        "zabezpieczony zysk i koszty sta\u0142e": 301290.588,
        "koszty rzeczywiste wewn\u0119trzne dzia\u0142owe wyp\u0142acone": 242934.1174767057,
        "koszty rzeczywiste wewn\u0119trzne dzia\u0142owe estymowane": 3414113.166594399,
        "koszty rzeczywiste wewn\u0119trzne nie dzia\u0142owe": 0,
        "koszty zewn\u0119trzne op\u0142acone": 0,
        "koszty zewn\u0119trzne niezafakturowane": 0,
        "lista projekt\u00f3w": []
    },
    "Badawczy": {
        "nazwa dzia\u0142u": "Badawczy",
        "pierwszy miesi\u0105c": "202503",
        "ostatni miesiac": "202801",
        "analizowana liczna miesi\u0119cy": 35,
        "przychody zewn\u0119trzne zafakturowane": 2739130.34,
        "przychody zewn\u0119trzne niezafakturowane suma": 965124.0,
        "przychody zewn\u0119trzne suma": 3704254.34,
        "koszty zabezpieczone wewn\u0119trzne dzia\u0142owe": 1481701.7360000003,
        "koszty zabezpieczone wewn\u0119trzne niedzia\u0142owe": 370425.43400000007,
        "koszty zabezpieczone zewn\u0119trzne": 740850.8680000001,
        "koszty zabezpieczone suma": 2592978.038,
        "zabezpieczony zysk i koszty sta\u0142e": 1111276.302,
        "koszty rzeczywiste wewn\u0119trzne dzia\u0142owe wyp\u0142acone": 481952.1009598086,
        "koszty rzeczywiste wewn\u0119trzne dzia\u0142owe estymowane": 3400005.425746968,
        "koszty rzeczywiste wewn\u0119trzne nie dzia\u0142owe": 0,
        "koszty zewn\u0119trzne op\u0142acone": 0,
        "koszty zewn\u0119trzne niezafakturowane": 0,
        "lista projekt\u00f3w": []
    }
}